source_id,source_string
1,Jurassic World
2,Star Wars: The Force Awakens
3,Avengers: Age of Ultron
4,Inside Out
5,Furious 7
6,Minions
7,The Hunger Games: Mockingjay - Part 2
8,The Martian
9,Cinderella (2015)
10,Spectre
11,Mission: Impossible - Rogue Nation
12,Pitch Perfect 2
13,Ant-Man
14,Home (2015)
15,Hotel Transylvania 2
16,Fifty Shades of Grey
17,The SpongeBob Movie: Sponge Out of Water
18,Straight Outta Compton
19,San Andreas
20,Mad Max: Fury Road
21,The Divergent Series: Insurgent
22,Kingsman: The Secret Service
23,The Peanuts Movie
24,Spy
25,Trainwreck
26,The Good Dinosaur
27,Creed
28,Tomorrowland
29,Get Hard
30,Terminator: Genisys
31,Taken 3
32,Maze Runner: The Scorch Trials
33,Ted 2
34,Pixels
35,Goosebumps
36,Paddington
37,The Intern
38,Paul Blart: Mall Cop 2
39,Bridge of Spies
40,War Room
41,Magic Mike XXL
42,The Visit
43,The Wedding Ringer
44,Black Mass
45,Vacation
46,The Perfect Guy
47,Fantastic Four
48,Focus (2015)
49,Southpaw
50,Insidious Chapter 3
51,Daddy's Home
52,Alvin and the Chipmunks The Road Chip
53,Poltergeist (2015)
54,Jupiter Ascending
55,Sicario
56,The Man From U.N.C.L.E.
57,"McFarland, USA"
58,The Gift (2015)
59,Sisters
60,Everest (2015)
61,The Night Before
62,Max (2015)
63,The Age of Adaline
64,Krampus
65,The Longest Ride
66,The Boy Next Door
67,Pan
68,Hot Pursuit
69,The DUFF
70,Woman in Gold
71,The Second Best Exotic Marigold Hotel
72,Unfriended
73,Entourage
74,Paper Towns
75,Chappie
76,Crimson Peak
77,A Walk in the Woods
78,Sinister 2
79,The Last Witch Hunter
80,No Escape
81,Ricki and the Flash
82,The Woman in Black 2: Angel of Death
83,Run All Night
84,Love the Coopers
85,The Lazarus Effect
86,Ex Machina
87,Spotlight
88,The Gallows
89,In the Heart of the Sea
90,Joy
91,Hitman: Agent 47
92,Project Almanac
93,Black or White
94,Aloha
95,The Secret in their Eyes (2015)
96,The Big Short
97,Shaun the Sheep Movie
98,Brooklyn
99,Still Alice
100,Paranormal Activity: The Ghost Dimension
101,American Sniper
102,The Hunger Games: Mockingjay - Part 1
103,Guardians of the Galaxy
104,Captain America: The Winter Soldier
105,The LEGO Movie
106,The Hobbit: The Battle of the Five Armies
107,Transformers: Age of Extinction
108,Maleficent
109,X-Men: Days of Future Past
110,Big Hero 6
111,Dawn of the Planet of the Apes
112,The Amazing Spider-Man 2
113,Godzilla (2014)
114,22 Jump Street
115,Teenage Mutant Ninja Turtles (2014)
116,Interstellar
117,How to Train Your Dragon 2
118,Gone Girl
119,Divergent
120,Neighbors
121,Ride Along
122,Rio 2
123,Into the Woods
124,Lucy
125,The Fault in our Stars
126,Unbroken
127,Night at the Museum: Secret of the Tomb
128,Mr. Peabody & Sherman
129,300: Rise of An Empire
130,The Maze Runner
131,The Equalizer
132,Noah
133,Edge of Tomorrow
134,Non-Stop
135,Heaven is for Real
136,The Imitation Game
137,Dumb and Dumber To
138,Annie (2014)
139,Fury (2014)
140,Tammy
141,Annabelle
142,The Other Woman (2014)
143,Penguins of Madagascar
144,Let's Be Cops
145,The Monuments Men
146,Hercules (2014)
147,The Purge: Anarchy
148,"Alexander and the Terrible, Horrible, No Good, Very Bad Day"
149,Think Like a Man Too
150,Exodus: Gods and Kings
151,The Nut Job
152,God's Not Dead
153,Son of God
154,Planes: Fire & Rescue
155,The Grand Budapest Hotel
156,RoboCop (2014)
157,Dracula Untold
158,Horrible Bosses 2
159,The Hundred-Foot Journey
160,No Good Deed (2014)
161,Selma
162,Muppets Most Wanted
163,Ouija
164,The Boxtrolls
165,Jack Ryan: Shadow Recruit
166,If I Stay
167,The Book of Life (2014)
168,About Last Night (2014)
169,Into The Storm
170,The Judge
171,Jersey Boys
172,Blended
173,The Giver
174,St. Vincent
175,Need for Speed
176,A Million Ways to Die in the West
177,John Wick
178,Birdman
179,Dolphin Tale 2
180,The Expendables 3
181,Earth to Echo
182,Sex Tape
183,Wild (2014)
184,Million Dollar Arm
185,The Theory of Everything
186,This is Where I Leave You
187,The Gambler
188,Paranormal Activity: The Marked Ones
189,Nightcrawler
190,Chef
191,Get On Up
192,3 Days to Kill
193,Deliver Us From Evil
194,When the Game Stands Tall
195,Draft Day
196,Oculus
197,The Best of Me
198,A Walk Among the Tombstones
199,That Awkward Moment
200,Boyhood
201,The Hunger Games: Catching Fire
202,Iron Man 3
203,Frozen
204,Despicable Me 2
205,Man of Steel
206,Gravity
207,Monsters University
208,The Hobbit: The Desolation of Smaug
209,Fast & Furious 6
210,Oz The Great and Powerful
211,Star Trek Into Darkness
212,Thor: The Dark World
213,World War Z
214,The Croods
215,The Heat
216,We're the Millers
217,American Hustle
218,The Great Gatsby (2013)
219,The Conjuring
220,Identity Thief
221,Grown Ups 2
222,The Wolverine
223,Anchorman 2: The Legend Continues
224,Lone Survivor
225,G.I. Joe: Retaliation
226,Cloudy with a Chance of Meatballs 2
227,Now You See Me
228,The Wolf of Wall Street
229,Lee Daniels' The Butler
230,The Hangover Part III
231,Epic
232,Captain Phillips
233,Jackass Presents: Bad Grandpa
234,Pacific Rim
235,This is the End
236,Olympus Has Fallen
237,42
238,Elysium
239,Planes
240,The Lone Ranger
241,Oblivion
242,Insidious Chapter 2
243,Saving Mr. Banks
244,Turbo
245,2 Guns
246,White House Down
247,Mama
248,Safe Haven
249,The Smurfs 2
250,The Best Man Holiday
251,Percy Jackson: Sea of Monsters
252,A Good Day to Die Hard
253,Warm Bodies
254,Jack the Giant Slayer
255,The Purge
256,Last Vegas
257,Ender's Game
258,Prisoners
259,After Earth
260,The Secret Life of Walter Mitty
261,Escape From Planet Earth
262,12 Years a Slave
263,Free Birds
264,Hansel and Gretel: Witch Hunters
265,Evil Dead (2013)
266,Red 2
267,Tyler Perry's A Madea Christmas
268,Tyler Perry's Temptation: Confessions of a Marriage Counselor
269,The Call
270,Pain and Gain
271,Gangster Squad
272,Jurassic Park 3D
273,The Internship
274,Instructions Not Included
275,Snitch
276,Riddick
277,A Haunted House
278,47 Ronin
279,August: Osage County
280,Philomena
281,The Family (2013)
282,Walking with Dinosaurs
283,Carrie (2013)
284,Texas Chainsaw 3D
285,R.I.P.D.
286,Blue Jasmine
287,Kevin Hart: Let Me Explain
288,Side Effects (2013)
289,Scary Movie 5
290,The Mortal Instruments: City of Bones
291,Delivery Man
292,Grudge Match
293,One Direction: This is Us
294,Kick-Ass 2
295,Dallas Buyers Club
296,Rush (2013)
297,The Host (2013)
298,The World's End
299,21 and Over
300,Her (2013)
301,Marvel's The Avengers
302,The Dark Knight Rises
303,The Hunger Games
304,Skyfall
305,The Hobbit: An Unexpected Journey
306,The Twilight Saga: Breaking Dawn Part 2
307,The Amazing Spider-Man
308,Brave
309,Ted
310,Madagascar 3: Europe's Most Wanted
311,Dr. Seuss' The Lorax
312,Wreck-It Ralph
313,Lincoln
314,MIB 3
315,Django Unchained
316,Ice Age: Continental Drift
317,Snow White and the Huntsman
318,Les Miserables (2012)
319,Hotel Transylvania
320,Taken 2
321,21 Jump Street
322,Argo
323,Silver Linings Playbook
324,Prometheus
325,Safe House
326,The Vow
327,Life of Pi
328,Magic Mike
329,The Bourne Legacy
330,Journey 2: The Mysterious Island
331,Rise of the Guardians
332,Zero Dark Thirty
333,Flight
334,Think Like a Man
335,The Campaign
336,The Expendables 2
337,Wrath of the Titans
338,Jack Reacher
339,Dark Shadows
340,Parental Guidance
341,John Carter
342,Act of Valor
343,This Is 40
344,Contraband
345,Looper
346,Tyler Perry's Madea's Witness Protection
347,Battleship
348,Pitch Perfect
349,Mirror Mirror
350,Chronicle (2012)
351,Hope Springs
352,Underworld Awakening
353,The Lucky One
354,The Dictator
355,Total Recall (2012)
356,Titanic 3D
357,American Reunion
358,ParaNorman
359,This Means War
360,Project X
361,The Woman in Black
362,Paranormal Activity 4
363,The Devil Inside
364,The Odd Life of Timothy Green
365,Ghost Rider: Spirit of Vengeance
366,The Grey
367,Red Tails
368,The Possession
369,Diary of a Wimpy Kid: Dog Days
370,Sinister
371,Beauty and the Beast (3D)
372,Savages (2012)
373,The Best Exotic Marigold Hotel
374,Moonrise Kingdom
375,Here Comes the Boom
376,Red Dawn (2012)
377,The Three Stooges
378,Star Wars: Episode I - The Phantom Menace (in 3D)
379,Resident Evil: Retribution
380,The Cabin in the Woods
381,What to Expect When You're Expecting
382,Finding Nemo (3D)
383,End of Watch
384,Rock of Ages
385,Abraham Lincoln: Vampire Hunter
386,Lawless
387,The Guilt Trip
388,That's My Boy
389,Trouble with the Curve
390,The Watch
391,Frankenweenie
392,Step Up Revolution
393,Tyler Perry's Good Deeds
394,"Monsters, Inc. (3D)"
395,2016 Obama's America
396,House at the End of The Street
397,The Pirates! Band of Misfits
398,Joyful Noise
399,Chimpanzee
400,The Five-Year Engagement
401,Harry Potter and the Deathly Hallows Part 2
402,Transformers: Dark of the Moon
403,The Twilight Saga: Breaking Dawn Part 1
404,The Hangover Part II
405,Pirates of the Caribbean: On Stranger Tides
406,Fast Five
407,Mission: Impossible - Ghost Protocol
408,Cars 2
409,Sherlock Holmes: A Game of Shadows
410,Thor
411,Rise of the Planet of the Apes
412,Captain America: The First Avenger
413,The Help
414,Bridesmaids
415,Kung Fu Panda 2
416,Puss in Boots
417,X-Men: First Class
418,Rio
419,The Smurfs
420,Alvin and the Chipmunks: Chipwrecked
421,Super 8
422,Rango
423,Horrible Bosses
424,Green Lantern
425,Hop
426,Paranormal Activity 3
427,Just Go With It
428,The Girl with the Dragon Tattoo (2011)
429,Bad Teacher
430,Cowboys & Aliens
431,Gnomeo and Juliet
432,The Green Hornet
433,The Lion King (in 3D)
434,The Muppets
435,Real Steel
436,"Crazy, Stupid, Love."
437,Battle: Los Angeles
438,Immortals
439,The Descendants
440,Zookeeper
441,War Horse
442,Limitless
443,Tower Heist
444,The Adventures of Tintin
445,Contagion
446,We Bought a Zoo
447,Moneyball
448,Jack and Jill
449,Hugo
450,Justin Bieber: Never Say Never
451,Dolphin Tale
452,No Strings Attached
453,Mr. Popper's Penguins
454,Happy Feet Two
455,Unknown
456,The Adjustment Bureau
457,Water for Elephants
458,The Lincoln Lawyer
459,Midnight in Paris
460,Friends with Benefits
461,I Am Number Four
462,Source Code
463,New Year's Eve
464,Insidious
465,Tyler Perry's Madea's Big Happy Family
466,Diary of a Wimpy Kid: Rodrick Rules
467,Footloose (2011)
468,The Dilemma
469,Arthur Christmas
470,Hall Pass
471,The Artist
472,Soul Surfer
473,Final Destination 5
474,The Ides of March
475,Hanna
476,Something Borrowed
477,Spy Kids: All the Time in the World
478,Scream 4
479,"Big Mommas: Like Father, Like Son"
480,Red Riding Hood
481,In Time
482,Paul
483,J. Edgar
484,The Roommate
485,Jumping the Broom
486,The Change-Up
487,30 Minutes or Less
488,Colombiana
489,Sucker Punch
490,Larry Crowne
491,A Very Harold & Kumar 3D Christmas
492,Drive (2011)
493,50/50
494,Courageous
495,The Rite
496,Arthur (2011)
497,Extremely Loud & Incredibly Close
498,The Debt
499,The Sitter
500,The Iron Lady
501,Toy Story 3
502,Alice in Wonderland (2010)
503,Iron Man 2
504,The Twilight Saga: Eclipse
505,Harry Potter and the Deathly Hallows Part 1
506,Inception
507,Despicable Me
508,Shrek Forever After
509,How to Train Your Dragon
510,Tangled
511,The Karate Kid
512,Tron Legacy
513,True Grit
514,Clash of the Titans (2010)
515,Grown Ups
516,Little Fockers
517,Megamind
518,The King's Speech
519,The Last Airbender
520,Shutter Island
521,The Other Guys
522,Salt
523,Jackass 3-D
524,Valentine's Day
525,Black Swan
526,Robin Hood
527,The Chronicles of Narnia: The Voyage of the Dawn Treader
528,The Expendables
529,Due Date
530,Yogi Bear
531,Date Night
532,The Social Network
533,Sex and the City 2
534,The Book of Eli
535,The Fighter
536,The Town
537,Prince of Persia: The Sands of Time
538,Red
539,Percy Jackson & The Olympians: The Lightning Thief
540,Paranormal Activity 2
541,Unstoppable
542,Eat Pray Love
543,Dear John
544,The A-Team
545,Knight & Day
546,Dinner for Schmucks
547,The Tourist
548,The Bounty Hunter
549,Diary of a Wimpy Kid
550,The Sorcerer's Apprentice
551,A Nightmare on Elm Street (2010)
552,The Last Song
553,The Wolfman
554,Get Him to the Greek
555,Resident Evil: Afterlife
556,Tyler Perry's Why Did I Get Married Too?
557,Tooth Fairy
558,Secretariat
559,Easy A
560,Takers
561,Legend of the Guardians: The Owls of Ga'Hoole
562,Life as We Know It
563,Letters to Juliet
564,Wall Street: Money Never Sleeps
565,Predators
566,Hubble 3D
567,Hot Tub Time Machine
568,Kick-Ass
569,Killers
570,Saw 3D
571,Cop Out
572,Cats & Dogs: The Revenge of Kitty Galore
573,Edge of Darkness
574,Gulliver's Travels
575,Death at a Funeral (2010)
576,Step Up 3-D
577,The Last Exorcism
578,Legion (2010)
579,Burlesque
580,The Crazies
581,For Colored Girls
582,The Back-Up Plan
583,Vampires Suck
584,The American
585,Green Zone
586,Marmaduke
587,Devil
588,Hereafter
589,When in Rome
590,Love and Other Drugs
591,She's Out of My League
592,Scott Pilgrim vs. the World
593,Charlie St. Cloud
594,Morning Glory
595,How Do You Know
596,Daybreakers
597,Nanny McPhee Returns
598,The Switch
599,Brooklyn's Finest
600,Machete
601,Avatar
602,Transformers: Revenge of the Fallen
603,Harry Potter and the Half-Blood Prince
604,The Twilight Saga: New Moon
605,Up
606,The Hangover
607,Star Trek
608,The Blind Side
609,Alvin and the Chipmunks: The Squeakquel
610,Sherlock Holmes
611,Monsters Vs. Aliens
612,Ice Age: Dawn of the Dinosaurs
613,X-Men Origins: Wolverine
614,Night at the Museum: Battle of the Smithsonian
615,2012
616,The Proposal
617,Fast and Furious
618,G.I. Joe: The Rise of Cobra
619,Paul Blart: Mall Cop
620,Taken
621,A Christmas Carol (2009)
622,Angels & Demons
623,Terminator Salvation
624,Cloudy with a Chance of Meatballs
625,Inglourious Basterds
626,G-Force
627,District 9
628,It's Complicated
629,Couples Retreat
630,Paranormal Activity
631,Watchmen
632,The Princess and the Frog
633,Public Enemies
634,Julie & Julia
635,He's Just Not That Into You
636,Tyler Perry's Madea Goes to Jail
637,The Ugly Truth
638,Up in the Air
639,Knowing
640,Hannah Montana The Movie
641,Where the Wild Things Are
642,Zombieland
643,Coraline
644,Law Abiding Citizen
645,Hotel for Dogs
646,Michael Jackson's This Is It
647,"I Love You, Man"
648,Obsessed
649,Race to Witch Mountain
650,The Final Destination
651,The Taking of Pelham 1 2 3
652,Friday the 13th (2009)
653,17 Again
654,The Time Traveler's Wife
655,Bruno
656,Bride Wars
657,The Haunting in Connecticut
658,Ghosts of Girlfriends Past
659,Funny People
660,Tyler Perry's I Can Do Bad All By Myself
661,My Bloody Valentine 3-D
662,Old Dogs
663,Land of the Lost
664,My Sister's Keeper
665,"Precious: Based on the Novel ""Push"" by Sapphire"
666,Underworld: Rise of the Lycans
667,Confessions of a Shopaholic
668,The Lovely Bones
669,Year One
670,The Unborn (2009)
671,Planet 51
672,Drag Me to Hell
673,Orphan
674,Duplicity
675,Crazy Heart
676,Surrogates
677,Ninja Assassin
678,Invictus
679,State of Play
680,Notorious (2009)
681,The Pink Panther 2
682,Under the Sea 3D
683,All About Steve
684,Halloween II (2009)
685,The Informant!
686,The Last House on the Left (2009)
687,The Men Who Stare at Goats
688,(500) Days of Summer
689,Earth (2009)
690,Push
691,9
692,The Soloist
693,Toy Story / Toy Story 2 (3D)
694,Did You Hear About the Morgans?
695,The Stepfather (2009)
696,The Uninvited
697,Brothers
698,Saw VI
699,Dance Flick
700,The Fourth Kind
701,The Dark Knight
702,Iron Man
703,Indiana Jones and the Kingdom of the Crystal Skull
704,Hancock
705,WALL-E
706,Kung Fu Panda
707,Twilight
708,Madagascar: Escape 2 Africa
709,Quantum of Solace
710,Dr. Seuss' Horton Hears a Who!
711,Sex and the City
712,Gran Torino
713,Mamma Mia!
714,Marley and Me
715,The Chronicles of Narnia: Prince Caspian
716,Slumdog Millionaire
717,The Incredible Hulk
718,Wanted
719,Get Smart
720,The Curious Case of Benjamin Button
721,Four Christmases
722,Bolt
723,Tropic Thunder
724,Bedtime Stories
725,The Mummy: Tomb of the Dragon Emperor
726,Journey to the Center of the Earth
727,Eagle Eye
728,Step Brothers
729,You Don't Mess with the Zohan
730,Yes Man
731,"10,000 B.C."
732,Beverly Hills Chihuahua
733,High School Musical 3: Senior Year
734,Pineapple Express
735,Valkyrie
736,21
737,What Happens in Vegas
738,Jumper
739,Cloverfield
740,The Day the Earth Stood Still (2008)
741,27 Dresses
742,Hellboy II: The Golden Army
743,Vantage Point
744,The Spiderwick Chronicles
745,Fool's Gold
746,Seven Pounds
747,Role Models
748,Hannah Montana/Miley Cyrus: Best of Both Worlds Concert Tour
749,The Happening
750,Forgetting Sarah Marshall
751,Baby Mama
752,Burn After Reading
753,Step Up 2 the Streets
754,Saw V
755,The Strangers
756,The Forbidden Kingdom
757,The Tale of Despereaux
758,Australia
759,The House Bunny
760,Nim's Island
761,Made of Honor
762,College Road Trip
763,The Sisterhood of the Traveling Pants 2
764,Speed Racer
765,Prom Night (2008)
766,Rambo
767,Welcome Home Roscoe Jenkins
768,Tyler Perry's Meet the Browns
769,Nights in Rodanthe
770,Max Payne
771,Righteous Kill
772,Body of Lies
773,Lakeview Terrace
774,Meet the Spartans
775,Harold and Kumar Escape from Guantanamo Bay
776,First Sunday
777,The Secret Life of Bees
778,Tyler Perry's The Family That Preys
779,Death Race
780,Changeling
781,Star Wars: The Clone Wars
782,The Reader
783,Semi-Pro
784,Fireproof
785,Doubt
786,Drillbit Taylor
787,"Definitely, Maybe"
788,The Love Guru
789,Milk
790,Transporter 3
791,Quarantine
792,Nick and Norah's Infinite Playlist
793,Zack and Miri Make a Porno
794,The Eye
795,Leatherheads
796,Mirrors
797,Space Chimps
798,The Bank Job
799,Untraceable
800,Defiance
801,Spider-Man 3
802,Shrek the Third
803,Transformers
804,Pirates of the Caribbean: At World's End
805,Harry Potter and the Order of the Phoenix
806,I Am Legend
807,The Bourne Ultimatum
808,National Treasure: Book of Secrets
809,Alvin and the Chipmunks
810,300
811,Ratatouille
812,The Simpsons Movie
813,Wild Hogs
814,Knocked Up
815,Juno
816,Rush Hour 3
817,Live Free or Die Hard
818,Fantastic Four: Rise of the Silver Surfer
819,American Gangster
820,Enchanted
821,Bee Movie
822,Superbad
823,I Now Pronounce You Chuck and Larry
824,Hairspray (2007)
825,Blades of Glory
826,Ocean's Thirteen
827,Ghost Rider
828,Evan Almighty
829,Meet the Robinsons
830,Norbit
831,The Bucket List
832,The Game Plan
833,Beowulf
834,Bridge to Terabithia
835,Disturbia
836,No Country for Old Men
837,Fred Claus
838,1408
839,The Golden Compass
840,Charlie Wilson's War
841,Saw IV
842,Stomp the Yard
843,Surf's Up
844,Halloween (2007)
845,Tyler Perry's Why Did I Get Married?
846,TMNT
847,P.S. I Love You
848,3:10 to Yuma (2007)
849,Sweeney Todd: The Demon Barber of Fleet Street
850,Atonement
851,Resident Evil: Extinction
852,Music and Lyrics
853,Are We Done Yet?
854,This Christmas
855,Michael Clayton
856,Premonition
857,Dan in Real Life
858,The Kingdom
859,Shooter
860,License to Wed
861,Underdog
862,No Reservations
863,Because I Said So
864,Aliens Vs. Predator - Requiem
865,The Water Horse: Legend of the Deep
866,There Will Be Blood
867,Epic Movie
868,Hitman
869,30 Days of Night
870,Fracture
871,Stardust
872,The Brave One
873,The Heartbreak Kid
874,Freedom Writers
875,Smokin' Aces
876,The Messengers
877,The Number 23
878,Good Luck Chuck
879,Mr. Bean's Holiday
880,Breach
881,Zodiac
882,Balls of Fury
883,Mr. Magorium's Wonder Emporium
884,August Rush
885,Tyler Perry's Daddy's Little Girls
886,The Great Debaters
887,28 Weeks Later
888,We Own the Night
889,Mr. Brooks
890,Hannibal Rising
891,The Nanny Diaries
892,Mr. Woodcock
893,Nancy Drew
894,The Mist
895,The Reaping
896,Grindhouse
897,Sicko
898,Across the Universe
899,Perfect Stranger
900,Sea Monsters: A Prehistoric Adventure (IMAX)
901,Pirates of the Caribbean: Dead Man's Chest
902,Night at the Museum
903,Cars
904,X-Men: The Last Stand
905,The Da Vinci Code
906,Superman Returns
907,Happy Feet
908,Ice Age: The Meltdown
909,Casino Royale
910,The Pursuit of Happyness
911,Over the Hedge
912,Talladega Nights: The Ballad of Ricky Bobby
913,Click
914,Mission: Impossible III
915,The Departed
916,Borat: Cultural Learnings of America for Make Benefit Glorious Nation of Kazakhstan
917,The Devil Wears Prada
918,The Break-Up
919,Dreamgirls
920,Scary Movie 4
921,Failure to Launch
922,Inside Man
923,Open Season
924,The Santa Clause 3: The Escape Clause
925,Charlotte's Web (2006)
926,The Pink Panther (2006)
927,Eight Below
928,Saw III
929,Nacho Libre
930,"You, Me and Dupree"
931,Eragon
932,Monster House
933,Jackass: Number Two
934,Barnyard: The Original Party Animals
935,RV
936,V for Vendetta
937,World Trade Center
938,Rocky Balboa
939,Big Momma's House 2
940,Step Up
941,Flushed Away
942,Deja Vu
943,Miami Vice
944,Tyler Perry's Madea's Family Reunion
945,The Holiday
946,The Fast and the Furious: Tokyo Drift
947,Underworld: Evolution
948,The Shaggy Dog
949,Poseidon
950,The Good Shepherd
951,Little Miss Sunshine
952,The Benchwarmers
953,Little Man
954,Curious George
955,Invincible
956,Blood Diamond
957,The Queen
958,The Guardian
959,The Omen (2006)
960,Final Destination 3
961,The Prestige
962,The Lake House
963,Apocalypto
964,Firewall
965,Date Movie
966,When a Stranger Calls
967,Hostel
968,Nanny McPhee
969,Silent Hill
970,Deep Sea 3D (IMAX)
971,We Are Marshall
972,Glory Road
973,Lady in the Water
974,The Hills Have Eyes
975,John Tucker Must Die
976,Stranger Than Fiction
977,The Illusionist
978,The Texas Chainsaw Massacre: The Beginning
979,The Grudge 2
980,Gridiron Gang
981,Last Holiday
982,Pan's Labyrinth
983,The Nativity Story
984,The Wild
985,Man of the Year
986,16 Blocks
987,Accepted
988,The Sentinel
989,Children of Men
990,Deck the Halls
991,Take the Lead
992,Babel
993,Snakes on a Plane
994,She's the Man
995,Flags of Our Fathers
996,United 93
997,Employee of the Month
998,Garfield: A Tail of Two Kitties
999,The Ant Bully
1000,Crank
1001,Star Wars: Episode III - Revenge of the Sith
1002,"The Chronicles of Narnia: The Lion, the Witch and the Wardrobe"
1003,Harry Potter and the Goblet of Fire
1004,War of the Worlds
1005,King Kong
1006,Wedding Crashers
1007,Charlie and the Chocolate Factory
1008,Batman Begins
1009,Madagascar
1010,Mr. & Mrs. Smith
1011,Hitch
1012,The Longest Yard
1013,Fantastic Four (2005)
1014,Chicken Little
1015,Robots
1016,Walk the Line
1017,The Pacifier
1018,Fun with Dick and Jane
1019,The 40-Year-Old Virgin
1020,Flightplan
1021,Saw II
1022,Brokeback Mountain
1023,Monster-in-Law
1024,Are We There Yet?
1025,Cheaper by the Dozen 2
1026,The Dukes of Hazzard
1027,March of the Penguins
1028,The Ring Two
1029,Constantine
1030,The Exorcism of Emily Rose
1031,Four Brothers
1032,Sin City
1033,The Interpreter
1034,Guess Who
1035,Sahara
1036,Coach Carter
1037,Herbie: Fully Loaded
1038,The Amityville Horror (2005)
1039,Sky High
1040,Bewitched
1041,Jarhead
1042,Cinderella Man
1043,The Family Stone
1044,Red Eye
1045,Memoirs of a Geisha
1046,White Noise
1047,Wallace and Gromit: The Curse of the Were-Rabbit
1048,Be Cool
1049,Crash
1050,"Yours, Mine and Ours"
1051,Tim Burton's Corpse Bride
1052,Kicking and Screaming
1053,Hoodwinked
1054,Hide and Seek
1055,The Hitchhiker's Guide to the Galaxy
1056,Syriana
1057,Tyler Perry's Diary of a Mad Black Woman
1058,Racing Stripes
1059,Miss Congeniality 2: Armed and Fabulous
1060,Just Like Heaven
1061,The Skeleton Key
1062,Munich
1063,Kingdom of Heaven
1064,Boogeyman
1065,The Legend of Zorro
1066,Must Love Dogs
1067,Transporter 2
1068,Rumor Has It
1069,Fever Pitch
1070,The Adventures of Sharkboy and Lavagirl in 3D
1071,The Sisterhood of the Traveling Pants
1072,Pride and Prejudice
1073,The Brothers Grimm
1074,Beauty Shop
1075,Derailed
1076,The Island
1077,The Ringer
1078,Hostage
1079,Magnificent Desolation (IMAX)
1080,The Constant Gardener
1081,In Her Shoes
1082,Bad News Bears
1083,Dreamer: Inspired by a True Story
1084,Because of Winn-Dixie
1085,Just Friends
1086,Stealth
1087,House of Wax
1088,The Wedding Date
1089,"Good Night, and Good Luck."
1090,A History of Violence
1091,Get Rich or Die Tryin'
1092,The Fog (2005)
1093,Zathura
1094,Rent
1095,Capote
1096,Doom
1097,XXX: State of the Union
1098,Elizabethtown
1099,Aeon Flux
1100,Serenity
1101,The Lord of the Rings: The Return of the King
1102,Finding Nemo
1103,Pirates of the Caribbean: The Curse of the Black Pearl
1104,The Matrix Reloaded
1105,Bruce Almighty
1106,X2: X-Men United
1107,Elf
1108,Terminator 3: Rise of the Machines
1109,The Matrix Revolutions
1110,Cheaper by the Dozen
1111,Bad Boys II
1112,Anger Management
1113,Bringing Down the House
1114,Hulk
1115,2 Fast 2 Furious
1116,Something's Gotta Give
1117,Seabiscuit
1118,S.W.A.T.
1119,Spy Kids 3D: Game Over
1120,The Last Samurai
1121,Freaky Friday
1122,Scary Movie 3
1123,The Italian Job
1124,How to Lose a Guy in 10 Days
1125,American Wedding
1126,Daddy Day Care
1127,Daredevil
1128,The Cat in the Hat
1129,Charlie's Angels: Full Throttle
1130,Cold Mountain
1131,Master and Commander: The Far Side of the World
1132,"Legally Blonde 2: Red, White and Blonde"
1133,Mystic River
1134,Brother Bear
1135,Freddy Vs. Jason
1136,School of Rock
1137,The Texas Chainsaw Massacre
1138,The Haunted Mansion
1139,Old School
1140,Kill Bill Vol. 1
1141,Holes
1142,Kangaroo Jack
1143,Big Fish
1144,The League of Extraordinary Gentlemen
1145,Lara Croft Tomb Raider: The Cradle of Life
1146,Mona Lisa Smile
1147,Shanghai Knights
1148,Bad Santa
1149,Love Actually
1150,Gothika
1151,Open Range
1152,Once Upon a Time in Mexico
1153,Just Married
1154,Paycheck
1155,The Recruit
1156,Radio
1157,Identity
1158,Underworld
1159,Runaway Jury
1160,Peter Pan
1161,Agent Cody Banks
1162,The Jungle Book 2
1163,The Rundown
1164,Final Destination 2
1165,Phone Booth
1166,28 Days Later
1167,Lost in Translation
1168,Tears of the Sun
1169,Under the Tuscan Sun
1170,The Lizzie McGuire Movie
1171,Secondhand Lions
1172,Out of Time
1173,Rugrats Go Wild
1174,Head of State
1175,Good Boy!
1176,Uptown Girls
1177,Matchstick Men
1178,National Security
1179,What a Girl Wants
1180,Jeepers Creepers 2
1181,Intolerable Cruelty
1182,Cradle 2 the Grave
1183,Monster
1184,Malibu's Most Wanted
1185,The Hunted
1186,Stuck on You
1187,Dreamcatcher
1188,Darkness Falls
1189,Bend It Like Beckham
1190,The Core
1191,Calendar Girls
1192,Hollywood Homicide
1193,Honey
1194,The Fighting Temptations
1195,Johnny English
1196,The Missing
1197,Basic
1198,A Man Apart
1199,Sinbad: Legend of the Seven Seas
1200,Dumb and Dumberer: When Harry Met Lloyd
1201,Shrek 2
1202,Spider-Man 2
1203,The Passion of the Christ
1204,Meet the Fockers
1205,The Incredibles
1206,Harry Potter and the Prisoner of Azkaban
1207,The Day After Tomorrow
1208,The Bourne Supremacy
1209,National Treasure
1210,The Polar Express
1211,Shark Tale
1212,"I, Robot"
1213,Troy
1214,Ocean's Twelve
1215,50 First Dates
1216,Van Helsing
1217,Fahrenheit 9/11
1218,Lemony Snicket's A Series of Unfortunate Events
1219,DodgeBall: A True Underdog Story
1220,The Village
1221,The Grudge
1222,The Aviator
1223,Collateral
1224,Million Dollar Baby
1225,The Princess Diaries 2: Royal Engagement
1226,Starsky and Hutch
1227,Along Came Polly
1228,Mean Girls
1229,The SpongeBob SquarePants Movie
1230,Anchorman: The Legend of Ron Burgundy
1231,Scooby-Doo 2: Monsters Unleashed
1232,The Notebook
1233,Alien Vs. Predator
1234,Man on Fire
1235,The Terminal
1236,Garfield: The Movie
1237,Ray
1238,Ladder 49
1239,Christmas with the Kranks
1240,Sideways
1241,White Chicks
1242,Hidalgo
1243,The Forgotten
1244,Kill Bill Vol. 2
1245,The Manchurian Candidate
1246,Barbershop 2: Back in Business
1247,Miracle
1248,Friday Night Lights
1249,Hellboy
1250,The Stepford Wives
1251,Dawn of the Dead
1252,Without a Paddle
1253,The Butterfly Effect
1254,Shall We Dance
1255,The Chronicles of Riddick
1256,13 Going on 30
1257,Saw
1258,Hero
1259,Blade: Trinity
1260,King Arthur
1261,Finding Neverland
1262,A Cinderella Story
1263,The Phantom of the Opera
1264,Resident Evil: Apocalypse
1265,Home on the Range
1266,Fat Albert
1267,Secret Window
1268,Walking Tall
1269,In Good Company
1270,Napoleon Dynamite
1271,Spanglish
1272,Exorcist: The Beginning
1273,You Got Served
1274,Bridget Jones: The Edge of Reason
1275,Catwoman
1276,The Ladykillers
1277,Sky Captain and the World of Tomorrow
1278,Raising Helen
1279,Taxi
1280,Eternal Sunshine of the Spotless Mind
1281,Alexander
1282,Closer
1283,The Punisher
1284,Team America: World Police
1285,Taking Lives
1286,Anacondas: The Hunt for the Blood Orchid
1287,Cellular
1288,Johnson Family Vacation
1289,Open Water
1290,Confessions of a Teenage Drama Queen
1291,After the Sunset
1292,The Prince and Me
1293,Garden State
1294,Jersey Girl
1295,Twisted
1296,The Life Aquatic with Steve Zissou
1297,Around the World in 80 Days
1298,Agent Cody Banks 2: Destination London
1299,Hotel Rwanda
1300,Ella Enchanted
1301,Spider-Man
1302,The Lord of the Rings: The Two Towers
1303,Star Wars: Episode II - Attack of the Clones
1304,Harry Potter and the Chamber of Secrets
1305,My Big Fat Greek Wedding
1306,Signs
1307,Austin Powers in Goldmember
1308,Men in Black II
1309,Ice Age
1310,Chicago
1311,Catch Me If You Can
1312,Die Another Day
1313,Scooby-Doo
1314,Lilo & Stitch
1315,XXX
1316,The Santa Clause 2
1317,Minority Report
1318,The Ring
1319,Sweet Home Alabama
1320,Mr. Deeds
1321,The Bourne Identity
1322,The Sum of All Fears
1323,8 Mile
1324,Road to Perdition
1325,Panic Room
1326,Maid in Manhattan
1327,Two Weeks Notice
1328,Space Station 3-D (IMAX)
1329,Red Dragon
1330,The Scorpion King
1331,Spy Kids 2: The Island of Lost Dreams
1332,Blade II
1333,Snow Dogs
1334,We Were Soldiers
1335,Gangs of New York
1336,Barbershop
1337,The Rookie
1338,Spirit: Stallion of the Cimarron
1339,John Q.
1340,Divine Secrets of the Ya-Ya Sisterhood
1341,Insomnia
1342,Changing Lanes
1343,About Schmidt
1344,Stuart Little 2
1345,Jackass: The Movie
1346,The Time Machine
1347,Drumline
1348,The Count of Monte Cristo
1349,Unfaithful
1350,Like Mike
1351,The Tuxedo
1352,Return to Never Land
1353,Big Fat Liar
1354,Star Trek: Nemesis
1355,Reign of Fire
1356,The Hours
1357,High Crimes
1358,About a Boy
1359,A Walk to Remember
1360,Orange County
1361,Windtalkers
1362,Blue Crush
1363,The Master of Disguise
1364,Resident Evil
1365,The Wild Thornberrys
1366,Collateral Damage
1367,Enough
1368,Undercover Brother
1369,Treasure Planet
1370,Showtime
1371,40 Days and 40 Nights
1372,Crossroads
1373,Clockstoppers
1374,The Mothman Prophecies
1375,E.T. (20th Anniversary)
1376,K-19: The Widowmaker
1377,The Hot Chick
1378,I Spy
1379,Friday After Next
1380,The Pianist
1381,Analyze That
1382,Murder by Numbers
1383,One Hour Photo
1384,Halloween: Resurrection
1385,Queen of the Damned
1386,Dragonfly
1387,The Banger Sisters
1388,Bad Company
1389,Ghost Ship
1390,The New Guy
1391,SwimFan
1392,The Crocodile Hunter: Collision Course
1393,Brown Sugar
1394,Blood Work
1395,All About the Benjamins
1396,Frida
1397,Jonah: A VeggieTales Movie
1398,Beauty and the Beast (IMAX)
1399,The Transporter
1400,The Sweetest Thing
1401,Harry Potter and the Sorcerer's Stone
1402,The Lord of the Rings: The Fellowship of the Ring
1403,Shrek
1404,"Monsters, Inc."
1405,Rush Hour 2
1406,The Mummy Returns
1407,Pearl Harbor
1408,Ocean's Eleven
1409,Jurassic Park III
1410,Planet of the Apes (2001)
1411,A Beautiful Mind
1412,Hannibal
1413,American Pie 2
1414,The Fast and the Furious
1415,Lara Croft: Tomb Raider
1416,Dr. Dolittle 2
1417,Spy Kids
1418,Black Hawk Down
1419,The Princess Diaries
1420,Vanilla Sky
1421,The Others
1422,Legally Blonde
1423,America's Sweethearts
1424,Cats & Dogs
1425,Save the Last Dance
1426,Atlantis: The Lost Empire
1427,Jimmy Neutron: Boy Genius
1428,A.I. Artificial Intelligence
1429,Training Day
1430,Along Came a Spider
1431,Bridget Jones's Diary
1432,Scary Movie 2
1433,The Score
1434,Shallow Hal
1435,Swordfish
1436,The Mexican
1437,Down to Earth
1438,Spy Game
1439,The Wedding Planner
1440,Behind Enemy Lines
1441,Ali
1442,The Animal
1443,Moulin Rouge!
1444,Rat Race
1445,A Knight's Tale
1446,Don't Say a Word
1447,Blow
1448,The Royal Tenenbaums
1449,Exit Wounds
1450,Enemy at the Gates
1451,K-PAX
1452,Serendipity
1453,Kate and Leopold
1454,Domestic Disturbance
1455,Zoolander
1456,The One
1457,Thirteen Ghosts
1458,Bandits
1459,Gosford Park
1460,Heartbreakers
1461,I Am Sam
1462,Hardball
1463,Evolution
1464,Not Another Teen Movie
1465,Jeepers Creepers
1466,Kiss of the Dragon
1467,Recess: School's Out
1468,In the Bedroom
1469,Black Knight
1470,See Spot Run
1471,Amelie
1472,Driven
1473,What's the Worst That Could Happen?
1474,Final Fantasy: The Spirits Within
1475,From Hell
1476,Monster's Ball
1477,How High
1478,Riding in Cars with Boys
1479,Jay and Silent Bob Strike Back
1480,Double Take
1481,Baby Boy
1482,The Majestic
1483,The Brothers
1484,Someone Like You
1485,Joe Dirt
1486,The Musketeer
1487,Crocodile Dundee in Los Angeles
1488,Memento
1489,Captain Corelli's Mandolin
1490,Sweet November
1491,15 Minutes
1492,Hearts in Atlantis
1493,Angel Eyes
1494,Corky Romano
1495,Heist
1496,Kingdom Come
1497,Joe Somebody
1498,Two Can Play That Game
1499,Joy Ride
1500,Valentine
1501,How the Grinch Stole Christmas
1502,Cast Away
1503,Mission: Impossible II
1504,Gladiator
1505,What Women Want
1506,The Perfect Storm
1507,Meet the Parents
1508,X-Men
1509,Scary Movie
1510,What Lies Beneath
1511,Dinosaur
1512,"Crouching Tiger, Hidden Dragon"
1513,Erin Brockovich
1514,Charlie's Angels
1515,Traffic
1516,The Nutty Professor II: The Klumps
1517,Big Momma's House
1518,Remember the Titans
1519,The Patriot
1520,Chicken Run
1521,Miss Congeniality
1522,Gone in 60 Seconds
1523,Unbreakable
1524,"Me, Myself and Irene"
1525,Space Cowboys
1526,The Emperor's New Groove
1527,Scream 3
1528,U-571
1529,Rugrats in Paris: The Movie
1530,The Family Man
1531,Hollow Man
1532,Chocolat
1533,Shaft
1534,Disney's The Kid
1535,Vertical Limit
1536,Road Trip
1537,Bring It On
1538,102 Dalmatians
1539,Rules of Engagement
1540,The Cell
1541,Mission to Mars
1542,Coyote Ugly
1543,Fantasia 2000 (35mm & IMAX)
1544,Snow Day
1545,Next Friday
1546,The Whole Nine Yards
1547,Shanghai Noon
1548,Romeo Must Die
1549,Final Destination
1550,Fantasia 2000 (IMAX)
1551,Finding Forrester
1552,The Road to El Dorado
1553,Men of Honor
1554,"Dude, Where's My Car?"
1555,The Tigger Movie
1556,"O Brother, Where Art Thou?"
1557,Frequency
1558,The Replacements
1559,Pokemon: The Movie 2000
1560,The Beach
1561,The Exorcist Director's Cut
1562,Little Nicky
1563,Pitch Black
1564,The Original Kings of Comedy
1565,Bedazzled (2000)
1566,Autumn in New York
1567,28 Days
1568,Keeping the Faith
1569,Bounce
1570,Hanging Up
1571,The Flintstones in Viva Rock Vegas
1572,The Skulls
1573,The 6th Day
1574,Thirteen Days
1575,My Dog Skip
1576,Where the Heart Is
1577,Pay It Forward
1578,Dracula 2000
1579,Return to Me
1580,Proof of Life
1581,Almost Famous
1582,The Legend of Bagger Vance
1583,Snatch
1584,The Art of War
1585,Bless the Child
1586,The Watcher
1587,Love & Basketball
1588,High Fidelity
1589,Book of Shadows: Blair Witch 2
1590,The Adventures of Rocky & Bullwinkle
1591,Nurse Betty
1592,Reindeer Games
1593,Titan A.E.
1594,Billy Elliot
1595,Boys and Girls
1596,Battlefield Earth
1597,Urban Legends: Final Cut
1598,Down to You
1599,Wonder Boys
1600,Best in Show
1601,Star Wars: Episode I - The Phantom Menace
1602,The Sixth Sense
1603,Toy Story 2
1604,Austin Powers: The Spy Who Shagged Me
1605,The Matrix
1606,Tarzan
1607,Big Daddy
1608,The Mummy
1609,Runaway Bride
1610,The Blair Witch Project
1611,Stuart Little
1612,The Green Mile
1613,American Beauty
1614,The World Is Not Enough
1615,Double Jeopardy
1616,Notting Hill
1617,Wild Wild West
1618,Analyze This
1619,The General's Daughter
1620,American Pie
1621,Sleepy Hollow
1622,Inspector Gadget
1623,The Haunting
1624,Entrapment
1625,Pokemon: The First Movie
1626,Payback
1627,The Talented Mr. Ripley
1628,Any Given Sunday
1629,Deep Blue Sea
1630,Galaxy Quest
1631,The Thomas Crown Affair
1632,Blue Streak
1633,End of Days
1634,The Bone Collector
1635,Bowfinger
1636,Deuce Bigalow: Male Gigolo
1637,Life
1638,She's All That
1639,Three Kings
1640,Bicentennial Man
1641,The Cider House Rules
1642,Eyes Wide Shut
1643,Never Been Kissed
1644,Varsity Blues
1645,Forces of Nature
1646,Message in a Bottle
1647,"South Park - Bigger, Longer and Uncut"
1648,The Hurricane
1649,Stigmata
1650,House on Haunted Hill
1651,Anna and the King
1652,Cruel Intentions
1653,10 Things I Hate About You
1654,Fight Club
1655,My Favorite Martian
1656,8MM
1657,For Love of the Game
1658,Man on the Moon
1659,Instinct
1660,The Best Man
1661,Mickey Blue Eyes
1662,The 13th Warrior
1663,October Sky
1664,Lake Placid
1665,Random Hearts
1666,Dogma
1667,Superstar
1668,Mystery Men
1669,The Insider
1670,"Girl, Interrupted"
1671,The Out-of-Towners
1672,The Other Sister
1673,Baby Geniuses
1674,The Story of Us
1675,Blast from the Past
1676,The Wood
1677,Arlington Road
1678,The Iron Giant
1679,Being John Malkovich
1680,Magnolia
1681,EDtv
1682,At First Sight
1683,The Bachelor
1684,Stir of Echoes
1685,Doug's First Movie
1686,Summer of Sam
1687,Anywhere But Here
1688,An Ideal Husband
1689,Galapagos (IMAX)
1690,Drive Me Crazy
1691,The Rage: Carrie 2
1692,Go
1693,Bringing Out the Dead
1694,True Crime
1695,Muppets from Space
1696,A Midsummer Night's Dream
1697,The Corruptor
1698,Election
1699,Music of the Heart
1700,Snow Falling on Cedars
1701,Saving Private Ryan
1702,Armageddon
1703,There's Something About Mary
1704,A Bug's Life
1705,The Waterboy
1706,Doctor Dolittle
1707,Rush Hour
1708,Deep Impact
1709,Godzilla
1710,Patch Adams
1711,Lethal Weapon 4
1712,The Truman Show
1713,Mulan
1714,You've Got Mail
1715,Enemy of the State
1716,The Prince of Egypt
1717,The Rugrats Movie
1718,Shakespeare in Love
1719,The Mask of Zorro
1720,Stepmom
1721,Antz
1722,Everest (IMAX)
1723,The X-Files
1724,The Wedding Singer
1725,City of Angels
1726,The Horse Whisperer
1727,"Six Days, Seven Nights"
1728,Star Trek: Insurrection
1729,Blade
1730,Lost in Space
1731,A Perfect Murder
1732,The Parent Trap
1733,Ever After: A Cinderella Story
1734,Hope Floats
1735,Life Is Beautiful
1736,U.S. Marshals
1737,The Man in the Iron Mask
1738,A Civil Action
1739,Snake Eyes
1740,What Dreams May Come
1741,Halloween: H20
1742,Small Soldiers
1743,T-Rex: Back to the Cretaceous (IMAX)
1744,Mighty Joe Young
1745,Practical Magic
1746,Meet Joe Black
1747,The Negotiator
1748,Ronin
1749,The Siege
1750,Mysteries of Egypt (IMAX)
1751,Pleasantville
1752,The Faculty
1753,I Still Know What You Did Last Summer
1754,Primary Colors
1755,Urban Legend
1756,How Stella Got Her Groove Back
1757,Out of Sight
1758,Sphere
1759,The Thin Red Line
1760,Jack Frost
1761,Mercury Rising
1762,Bride of Chucky
1763,A Night at the Roxbury
1764,Wild Things
1765,Elizabeth
1766,Madeline
1767,Spice World
1768,The Object of My Affection
1769,Grease (Re-issue)
1770,The Big Hit
1771,Paulie
1772,Bulworth
1773,Great Expectations
1774,Can't Hardly Wait
1775,Fallen
1776,Waking Ned Devine
1777,The Avengers (1998)
1778,One True Thing
1779,The Players Club
1780,Rounders
1781,Beloved
1782,The Borrowers
1783,Quest for Camelot
1784,He Got Game
1785,Psycho (1998)
1786,John Carpenter's Vampires
1787,Mafia!
1788,Hard Rain
1789,Species II
1790,The Replacement Killers
1791,The Odd Couple II
1792,Babe: Pig in the City
1793,Simon Birch
1794,Disturbing Behavior
1795,Half Baked
1796,The Big Lebowski
1797,Rushmore
1798,54
1799,A Simple Plan
1800,Dance with Me
1801,Titanic
1802,Men in Black
1803,The Lost World: Jurassic Park
1804,Liar Liar
1805,Air Force One
1806,As Good as It Gets
1807,Good Will Hunting
1808,Star Wars (Special Edition)
1809,My Best Friend's Wedding
1810,Tomorrow Never Dies
1811,Face/Off
1812,Batman and Robin
1813,George of the Jungle
1814,Scream 2
1815,Con Air
1816,Contact
1817,Hercules
1818,Flubber
1819,Conspiracy Theory
1820,I Know What You Did Last Summer
1821,The Empire Strikes Back (Special Edition)
1822,Dante's Peak
1823,Anaconda
1824,L.A. Confidential
1825,In & Out
1826,The Fifth Element
1827,Mouse Hunt
1828,The Saint
1829,The Devil's Advocate
1830,Kiss the Girls
1831,Jungle 2 Jungle
1832,Anastasia
1833,The Jackal
1834,Spawn
1835,Starship Troopers
1836,Austin Powers: International Man of Mystery
1837,Breakdown
1838,Absolute Power
1839,Volcano
1840,Speed 2: Cruise Control
1841,The Game
1842,G.I. Jane
1843,Alien Resurrection
1844,The Full Monty
1845,The Rainmaker (1997)
1846,Return of the Jedi (Special Edition)
1847,Bean
1848,Cop Land
1849,Nothing to Lose
1850,Amistad
1851,Soul Food
1852,Wag the Dog
1853,The Devil's Own
1854,Donnie Brasco
1855,The Peacemaker
1856,Private Parts
1857,Money Talks
1858,Jackie Brown
1859,Seven Years in Tibet
1860,Vegas Vacation
1861,Mortal Kombat: Annihilation
1862,Selena
1863,Addicted to Love
1864,The Relic
1865,Metro
1866,For Richer or Poorer
1867,Beverly Hills Ninja
1868,Picture Perfect
1869,Home Alone 3
1870,Fools Rush In
1871,Romy & Michele's High School Reunion
1872,Out to Sea
1873,Father's Day
1874,Grosse Pointe Blank
1875,The Edge
1876,The Little Mermaid (Re-issue)
1877,Event Horizon
1878,An American Werewolf in Paris
1879,Boogie Nights
1880,Murder at 1600
1881,Mimic
1882,Midnight in the Garden of Good & Evil
1883,Good Burger
1884,Hoodlum
1885,Air Bud
1886,Red Corner
1887,Mr. Magoo
1888,Booty Call
1889,The Apostle
1890,Gone Fishin'
1891,Thrill Ride (IMAX)
1892,That Darn Cat
1893,The Postman
1894,That Old Feeling
1895,Fire Down Below
1896,Wishmaster
1897,Rocket Man
1898,Jackie Chan's First Strike
1899,Eve's Bayou
1900,The 6th Man
1901,Independence Day
1902,Twister
1903,Mission: Impossible
1904,Jerry Maguire
1905,Ransom
1906,101 Dalmatians (1996)
1907,The Rock
1908,The Nutty Professor (1996)
1909,The Birdcage
1910,A Time to Kill
1911,The First Wives Club
1912,Phenomenon
1913,Scream
1914,Eraser
1915,The Hunchback of Notre Dame
1916,Michael
1917,Star Trek: First Contact
1918,Space Jam
1919,The English Patient
1920,Broken Arrow (1996)
1921,Beavis and Butt-Head Do America
1922,Jingle All the Way
1923,The Cable Guy
1924,Courage Under Fire
1925,Jack
1926,Executive Decision
1927,Primal Fear
1928,Tin Cup
1929,Sleepers
1930,Dragonheart
1931,Up Close and Personal
1932,Evita
1933,The Preacher's Wife
1934,Romeo + Juliet
1935,One Fine Day
1936,The Mirror Has Two Faces
1937,Happy Gilmore
1938,The Ghost and the Darkness
1939,Mars Attacks!
1940,Set It Off
1941,Shine
1942,The Truth About Cats & Dogs
1943,A Thin Line Between Love and Hate
1944,Muppet Treasure Island
1945,Matilda
1946,The Long Kiss Goodnight
1947,Striptease
1948,Daylight
1949,Homeward Bound II: Lost in San Francisco
1950,Black Sheep
1951,Rumble in the Bronx
1952,Eddie
1953,Sgt. Bilko
1954,James and the Giant Peach
1955,The Island of Dr. Moreau
1956,Spy Hard
1957,Eye for an Eye
1958,Harriet the Spy
1959,First Kid
1960,That Thing You Do!
1961,From Dusk Till Dawn
1962,Down Periscope
1963,Escape From L.A.
1964,Fly Away Home
1965,Kingpin
1966,The Craft
1967,Fargo
1968,Sling Blade
1969,D3: The Mighty Ducks
1970,The Juror
1971,My Fellow Americans
1972,Emma
1973,The Quest
1974,Bulletproof
1975,A Very Brady Sequel
1976,High School High
1977,Chain Reaction
1978,Multiplicity
1979,Oliver & Company (Re-issue)
1980,Fear
1981,The Glimmer Man
1982,City Hall
1983,The People Vs. Larry Flynt
1984,Don't Be a Menace to South Central While Drinking Your Juice in the Hood
1985,Flipper
1986,Mother (1996)
1987,Bed of Roses
1988,Kazaam
1989,The Fan
1990,Last Man Standing
1991,The Crow: City of Angels
1992,Extreme Measures
1993,The Phantom
1994,Fled
1995,Diabolique (1996)
1996,The Frighteners
1997,Trainspotting
1998,Supercop
1999,Stephen King's Thinner
2000,The Adventures of Pinocchio
2001,Toy Story
2002,Batman Forever
2003,Apollo 13
2004,Pocahontas
2005,Ace Ventura: When Nature Calls
2006,GoldenEye
2007,Jumanji
2008,Casper
2009,Seven
2010,Die Hard: With A Vengeance
2011,Crimson Tide
2012,Waterworld
2013,Dangerous Minds
2014,Mr. Holland's Opus
2015,While You Were Sleeping
2016,Congo
2017,Father of the Bride Part II
2018,Braveheart
2019,Get Shorty
2020,Grumpier Old Men
2021,The Bridges of Madison County
2022,Mortal Kombat
2023,Nine Months
2024,Outbreak
2025,Heat
2026,Waiting to Exhale
2027,Bad Boys
2028,Babe
2029,The American President
2030,Species
2031,12 Monkeys
2032,Clueless
2033,Sabrina
2034,Something to Talk About
2035,The Net
2036,Under Siege 2: Dark Territory
2037,A Walk in the Clouds
2038,The Brady Bunch Movie
2039,Sense and Sensibility
2040,Casino
2041,Man of the House
2042,Dead Man Walking
2043,French Kiss
2044,Higher Learning
2045,Mighty Morphin' Power Rangers
2046,First Knight
2047,Just Cause
2048,"To Wong Foo, Thanks for Everything, Julie Newmar"
2049,The Indian in the Cupboard
2050,Money Train
2051,A Goofy Movie
2052,Judge Dredd
2053,Forget Paris
2054,Tommy Boy
2055,Copycat
2056,Leaving Las Vegas
2057,Rob Roy
2058,Powder
2059,Assassins
2060,Free Willy 2: The Adventure Home
2061,Major Payne
2062,Friday
2063,Now and Then
2064,Houseguest
2065,Billy Madison
2066,Desperado
2067,Operation Dumbo Drop
2068,Dolores Claiborne
2069,Dead Presidents
2070,Virtuosity
2071,Tom and Huck
2072,How to Make an American Quilt
2073,Boys on the Side
2074,Circle of Friends
2075,The Usual Suspects
2076,Don Juan de Marco
2077,Il Postino
2078,To Die For
2079,Demon Knight
2080,Showgirls
2081,Sudden Death
2082,Vampire in Brooklyn
2083,It Takes Two
2084,Johnny Mnemonic
2085,The Quick and the Dead
2086,The Big Green
2087,Heavyweights
2088,Home for the Holidays
2089,Murder in the First
2090,Jury Duty
2091,Devil in a Blue Dress
2092,The Prophecy
2093,Across the Sea of Time (IMAX)
2094,Mad Love
2095,Muriel's Wedding
2096,Halloween: The Curse of Michael Myers
2097,Wings of Courage (IMAX)
2098,Kiss of Death
2099,Candyman: Farewell to the Flesh
2100,Nixon
2101,Forrest Gump
2102,The Lion King
2103,True Lies
2104,The Santa Clause
2105,The Flintstones
2106,Dumb and Dumber
2107,Clear and Present Danger
2108,Speed
2109,The Mask
2110,Pulp Fiction
2111,Interview with the Vampire
2112,Maverick
2113,The Client
2114,Disclosure
2115,Star Trek: Generations
2116,Ace Ventura: Pet Detective
2117,Stargate
2118,Legends of the Fall
2119,Wolf
2120,The Specialist
2121,Four Weddings and a Funeral
2122,The Little Rascals
2123,The Naked Gun 33 1/3: The Final Insult
2124,The Crow
2125,Natural Born Killers
2126,Angels in the Outfield (1994)
2127,Little Women (1994)
2128,When a Man Loves a Woman
2129,The River Wild
2130,D2: The Mighty Ducks
2131,Timecop
2132,City Slickers II: The Legend of Curly's Gold
2133,The Jungle Book (1994)
2134,Beverly Hills Cop III
2135,Nobody's Fool
2136,The Paper
2137,On Deadly Ground
2138,Richie Rich
2139,It Could Happen to You
2140,Junior
2141,Nell
2142,Street Fighter
2143,The Shadow
2144,I Love Trouble
2145,Major League II
2146,Blank Check
2147,Blown Away
2148,A Low Down Dirty Shame
2149,In the Army Now
2150,Drop Zone
2151,The Shawshank Redemption
2152,Guarding Tess
2153,I.Q.
2154,"My Father, the Hero"
2155,Wyatt Earp
2156,Quiz Show
2157,Renaissance Man
2158,Blue Chips
2159,Mary Shelley's Frankenstein
2160,Intersection
2161,The Air Up There
2162,Iron Will
2163,Reality Bites
2164,Jason's Lyric
2165,Speechless
2166,The Cowboy Way
2167,"Corrina, Corrina"
2168,Only You
2169,With Honors
2170,Color of Night
2171,8 Seconds
2172,The Professional
2173,Little Giants
2174,House Party 3
2175,Getting Even With Dad
2176,Love Affair
2177,Sugar Hill
2178,Milk Money
2179,Wes Craven's New Nightmare
2180,My Girl 2
2181,Miracle on 34th Street (1994)
2182,The War
2183,Baby's Day Out
2184,Lightning Jack
2185,Andre
2186,Blink
2187,Terminal Velocity
2188,Monkey Trouble
2189,Above the Rim
2190,The Getaway (1994)
2191,No Escape
2192,Bad Girls
2193,The Madness of King George
2194,Threesome
2195,The Pagemaster
2196,Crooklyn
2197,Bullets Over Broadway
2198,Greedy
2199,Little Big League
2200,3 Ninjas Kick Back
2201,Jurassic Park
2202,Mrs. Doubtfire
2203,The Fugitive
2204,The Firm
2205,Sleepless in Seattle
2206,Indecent Proposal
2207,In the Line of Fire
2208,The Pelican Brief
2209,Schindler's List
2210,Cliffhanger
2211,Free Willy
2212,Philadelphia
2213,Groundhog Day
2214,Grumpy Old Men
2215,Cool Runnings
2216,Dave
2217,Rising Sun
2218,Demolition Man
2219,Sister Act 2: Back in the Habit
2220,Tombstone
2221,The Three Musketeers (1993)
2222,Rookie of the Year
2223,Beethoven's 2nd
2224,Dennis the Menace
2225,Sommersby
2226,Last Action Hero
2227,Tim Burton's The Nightmare Before Christmas
2228,Addams Family Values
2229,Wayne's World 2
2230,Malice
2231,Made in America
2232,The Good Son
2233,The Beverly Hillbillies
2234,Teenage Mutant Ninja Turtles III
2235,Homeward Bound: The Incredible Journey
2236,Snow White and the Seven Dwarfs (Re-issue) (1993)
2237,Falling Down
2238,The Piano
2239,Hocus Pocus
2240,What's Love Got to Do with It
2241,Hot Shots! Part Deux
2242,Carlito's Way
2243,Alive
2244,Son-in-Law
2245,Sliver
2246,Robin Hood: Men in Tights
2247,Dragon: The Bruce Lee Story
2248,The Joy Luck Club
2249,Hard Target
2250,The Sandlot
2251,The Age of Innocence
2252,Cop and a Half
2253,The Secret Garden
2254,A Perfect World
2255,Point of No Return
2256,Loaded Weapon 1
2257,Menace II Society
2258,My Life
2259,Poetic Justice
2260,Shadowlands
2261,In the Name of the Father
2262,The Man Without a Face
2263,Striking Distance
2264,The Adventures of Huck Finn
2265,Benny and Joon
2266,The Remains of the Day
2267,The Program
2268,Guilty as Sin
2269,Rudy
2270,Much Ado About Nothing
2271,Nowhere to Run
2272,Like Water for Chocolate
2273,Coneheads
2274,Super Mario Bros.
2275,Another Stakeout
2276,Fire in the Sky
2277,Sniper
2278,Untamed Heart
2279,Geronimo: An American Legend
2280,Posse
2281,CB4
2282,Born Yesterday
2283,A Bronx Tale
2284,Sidekicks
2285,Heart and Souls
2286,Jason Goes to Hell: The Final Friday
2287,Needful Things
2288,Indian Summer
2289,The Vanishing
2290,The Crush
2291,Body of Evidence
2292,Man's Best Friend
2293,A Far Off Place
2294,Weekend at Bernie's II
2295,Judgment Night
2296,Life with Mikey
2297,Undercover Blues
2298,True Romance
2299,Strictly Ballroom
2300,So I Married an Axe Murderer
2301,Aladdin
2302,Home Alone 2: Lost in New York
2303,Batman Returns
2304,Lethal Weapon 3
2305,A Few Good Men
2306,Sister Act
2307,The Bodyguard
2308,Wayne's World
2309,Basic Instinct
2310,A League of Their Own
2311,Unforgiven
2312,The Hand That Rocks the Cradle
2313,Under Siege
2314,Patriot Games
2315,Bram Stoker's Dracula
2316,White Men Can't Jump
2317,The Last of the Mohicans
2318,Boomerang
2319,Scent of a Woman
2320,The Crying Game
2321,Far and Away
2322,"Honey, I Blew Up the Kid"
2323,Housesitter
2324,Death Becomes Her
2325,Unlawful Entry
2326,Beethoven
2327,Forever Young
2328,Alien 3
2329,My Cousin Vinny
2330,Sneakers
2331,The Mighty Ducks
2332,Malcolm X
2333,Single White Female
2334,The Distinguished Gentleman
2335,Medicine Man
2336,Passenger 57
2337,A River Runs Through It
2338,Encino Man
2339,Mo' Money
2340,Universal Soldier
2341,Honeymoon in Vegas
2342,The Lawnmower Man
2343,Sleepwalkers
2344,3 Ninjas
2345,Final Analysis
2346,Stop! Or My Mom Will Shoot!
2347,The Muppet Christmas Carol
2348,Howards End
2349,Candyman
2350,The Cutting Edge
2351,Ferngully: The Last Rainforest
2352,Hoffa
2353,Leap of Faith
2354,Toys
2355,Thunderheart
2356,Captain Ron
2357,The Player
2358,Shining Through
2359,Consenting Adults
2360,Raising Cain
2361,Straight Talk
2362,Kuffs
2363,Mr. Baseball
2364,Juice
2365,Prelude to a Kiss
2366,Hero
2367,Pinocchio (Re-issue) (1992)
2368,Singles
2369,Used People
2370,The Babe
2371,Freejack
2372,Pet Sematary II
2373,Deep Cover
2374,Buffy the Vampire Slayer
2375,Pure Country
2376,Ladybugs
2377,School Ties
2378,City of Joy
2379,Memoirs of an Invisible Man
2380,Rapid Fire
2381,Cool World
2382,Mr. Saturday Night
2383,The Great Mouse Detective (re-issue)
2384,Class Act
2385,Trespass
2386,Enchanted April
2387,American Me
2388,Hellraiser III: Hell on Earth
2389,A Stranger Among Us
2390,Rock-A-Doodle
2391,Jennifer 8
2392,Whispers in the Dark
2393,Stay Tuned
2394,Glengarry Glen Ross
2395,Husbands and Wives
2396,Chaplin
2397,Gladiator (1992)
2398,White Sands
2399,Once Upon a Crime
2400,Bebe's Kids
2401,Terminator 2: Judgment Day
2402,Robin Hood: Prince of Thieves
2403,Beauty and the Beast
2404,The Silence of the Lambs
2405,City Slickers
2406,Hook
2407,The Addams Family
2408,Sleeping with the Enemy
2409,Father of the Bride
2410,The Naked Gun 2 1/2: The Smell of Fear
2411,Fried Green Tomatoes
2412,Cape Fear
2413,Teenage Mutant Ninja Turtles II
2414,Backdraft
2415,Star Trek VI: The Undiscovered Country
2416,The Prince of Tides
2417,JFK
2418,Hot Shots!
2419,What About Bob?
2420,101 Dalmatians (Re-issue) (1991)
2421,The Last Boy Scout
2422,My Girl
2423,Boyz N the Hood
2424,Doc Hollywood
2425,Bugsy
2426,New Jack City
2427,The Rocketeer
2428,Thelma and Louise
2429,Point Break
2430,Regarding Henry
2431,The Fisher King
2432,Out for Justice
2433,The Doctor
2434,Bill and Ted's Bogus Journey
2435,Dead Again
2436,Soapdish
2437,Freddy's Dead: The Final Nightmare
2438,White Fang
2439,The Doors
2440,King Ralph
2441,Curly Sue
2442,Dying Young
2443,Grand Canyon
2444,Jungle Fever
2445,Double Impact
2446,L.A. Story
2447,Deceived
2448,Necessary Roughness
2449,The Hard Way
2450,Other People's Money
2451,Don't Tell Mom the Babysitter's Dead
2452,Problem Child 2
2453,Little Man Tate
2454,Class Action
2455,The People Under the Stairs
2456,Lionheart
2457,Oscar
2458,Frankie and Johnny (1991)
2459,Pure Luck
2460,An American Tail: Fievel Goes West
2461,Only the Lonely
2462,Ricochet
2463,F/X 2
2464,Mobsters
2465,House Party 2
2466,Mortal Thoughts
2467,Paradise (1991)
2468,For the Boys
2469,The Neverending Story II
2470,Hudson Hawk
2471,Defending Your Life
2472,Billy Bathgate
2473,Highlander 2: The Quickening
2474,Switch
2475,A Kiss Before Dying
2476,Shipwrecked
2477,Toy Soldiers
2478,Madonna: Truth or Dare
2479,Child's Play 3
2480,The Commitments
2481,Once Around
2482,All I Want for Christmas
2483,Not Without My Daughter
2484,Flight of the Intruder
2485,Ernest Scared Stupid
2486,The Perfect Weapon
2487,Drop Dead Fred
2488,The Marrying Man
2489,Shattered
2490,Career Opportunities
2491,One Good Cop
2492,V.I. Warshawski
2493,The Super
2494,A Rage in Harlem
2495,"He Said, She Said"
2496,The Butcher's Wife
2497,Scenes From a Mall
2498,Guilty by Suspicion
2499,Body Parts
2500,Stone Cold
2501,Home Alone
2502,Ghost
2503,Dances with Wolves
2504,Pretty Woman
2505,Teenage Mutant Ninja Turtles
2506,The Hunt for Red October
2507,Total Recall
2508,Die Hard 2: Die Harder
2509,Dick Tracy
2510,Kindergarten Cop
2511,Back to the Future Part III
2512,Presumed Innocent
2513,Days of Thunder
2514,Another 48 HRS.
2515,Three Men and a Little Lady
2516,Bird on a Wire
2517,The Godfather Part III
2518,Flatliners
2519,Misery
2520,Edward Scissorhands
2521,Problem Child
2522,Arachnophobia
2523,Awakenings
2524,Look Who's Talking Too
2525,Hard to Kill
2526,Goodfellas
2527,Marked for Death
2528,Robocop 2
2529,The Jungle Book (re-issue) (1990)
2530,Young Guns II
2531,Gremlins 2: The New Batch
2532,Rocky V
2533,Joe Versus the Volcano
2534,Postcards from the Edge
2535,Mermaids
2536,Darkman
2537,Air America
2538,Predator 2
2539,Green Card
2540,Pacific Heights
2541,Child's Play 2
2542,The Rescuers Down Under
2543,Internal Affairs
2544,Cadillac Man
2545,Memphis Belle
2546,House Party
2547,Jacob's Ladder
2548,The Exorcist III
2549,Fantasia (Re-issue) (1990)
2550,Navy Seals
2551,Ernest Goes to Jail
2552,Ghost Dad
2553,My Blue Heaven
2554,The Russia House
2555,The First Power
2556,The Rookie (1990)
2557,The Freshman
2558,The Adventures of Ford Fairlane
2559,Quigley Down Under
2560,Madhouse
2561,Hamlet (1990)
2562,Jetsons: The Movie
2563,Stella
2564,Taking Care of Business
2565,Betsy's Wedding
2566,Duck Tales: The Movie
2567,Sibling Rivalry
2568,White Palace
2569,The Guardian (1990)
2570,Death Warrant
2571,Tremors
2572,Tales From the Darkside: The Movie
2573,Men at Work
2574,I Love You to Death
2575,Mo' Better Blues
2576,Avalon
2577,The Bonfire of the Vanities
2578,Revenge
2579,Reversal of Fortune
2580,Mr. Destiny
2581,Spaced Invaders
2582,Quick Change
2583,Fire Birds
2584,Wild at Heart
2585,The Lord of the Flies
2586,The Grifters
2587,Crazy People
2588,Bad Influence
2589,Cinema Paradiso
2590,Graveyard Shift
2591,Henry & June
2592,Pump Up the Volume
2593,Opportunity Knocks
2594,Q & A
2595,Wild Orchid
2596,Nuns on the Run
2597,Narrow Margin
2598,The Witches
2599,Adventures of Milo and Otis (Re-issue)
2600,The Two Jakes